key,eu,es,en
# --- UI ---
ui.hp,OSASUNA,VIDA,HEALTH
ui.inventory,INBENTARIOA,INVENTARIO,INVENTORY
ui.order,ESKAERA,PEDIDO,ORDER
ui.empty_slot,HUTSIK,VACÍO,EMPTY
ui.teammate,LAGUNA,COMPAÑERO,TEAMMATE
ui.paused,PAUSA,PAUSA,PAUSED
ui.resume,JARRAITU,SEGUIR,RESUME
ui.language,HIZKUNTZA,IDIOMA,LANGUAGE
ui.quit,IRTEN,SALIR,QUIT
ui.retry,BERRIRO SAIATU,REINTENTAR,RETRY
ui.game_over,GAME OVER,GAME OVER,GAME OVER
ui.death_cause,HERIOTZAREN KAUSA,CAUSA DE MUERTE,CAUSE OF DEATH
ui.settings,EZARPENAK,AJUSTES,SETTINGS
ui.play,HASI,JUGAR,PLAY
ui.main_menu,MENU NAGUSIA,MENÚ PRINCIPAL,MAIN MENU
ui.back,ITZULI,VOLVER,BACK
ui.reset,BERREZARRI,RESTABLECER,RESET
ui.sound,SOINUA,SONIDO,SOUND
ui.volume_master,BOLUMEN OROKORRA,VOLUMEN GENERAL,MASTER VOLUME
ui.volume_music,MUSIKA,MÚSICA,MUSIC
ui.volume_sfx,EFEKTUAK,EFECTOS,EFFECTS
ui.controls,KONTROLAK,CONTROLES,CONTROLS
ui.sens_mouse,SAGUAREN SENTIBERATASUNA,SENSIBILIDAD DEL RATÓN,MOUSE SENSITIVITY
ui.sens_gamepad,MANDOAREN SENTIBERATASUNA,SENSIBILIDAD DEL MANDO,GAMEPAD SENSITIVITY
ui.invert_y,Y ARDATZA ALDERANTZIZ,INVERTIR EJE Y,INVERT Y AXIS
ui.screen,PANTAILA,PANTALLA,SCREEN
ui.fullscreen,PANTAILA OSOA,PANTALLA COMPLETA,FULLSCREEN
ui.character,PERTSONAIA,PERSONAJE,CHARACTER
ui.skin,AZALA,PIEL,SKIN
ui.clothes,ARROPA,ROPA,CLOTHES
ui.drag_to_turn,ARRASTATU BIRATZEKO,ARRASTRA PARA GIRAR,DRAG TO TURN
ui.puzzle_title,KUTXA GUZTIAK FURGONETAN!,¡TODAS LAS CAJAS EN EL CAMIÓN!,ALL BOXES IN THE TRUCK!
ui.puzzle_todo,Furgonetaren 2D puzzlea 2. fasean iritsiko da.,El puzle 2D del camión llega en la Fase 2.,The 2D truck puzzle arrives in Phase 2.
# --- Interaction prompts ---
prompt.pickup,HARTU {0},COGER {0},PICK UP {0}
prompt.inventory_full,INBENTARIOA BETETA,INVENTARIO LLENO,INVENTORY FULL
prompt.pass,KUTXA PASATU ({0}),PASAR CAJA ({0}),PASS BOX ({0})
prompt.take_back,HARTU {0} LAGUNARENGANDIK,COGER {0} DEL COMPAÑERO,TAKE {0} FROM TEAMMATE
prompt.teammate_full,LAGUNAREN INBENTARIOA BETETA DAGO,EL COMPAÑERO TIENE EL INVENTARIO LLENO,TEAMMATE INVENTORY FULL
prompt.deliver,ENTREGATU {0},ENTREGAR {0},DELIVER {0}
prompt.truck_empty,ERAMAN KUTXAK FURGONETARA,TRAE LAS CAJAS AL CAMIÓN,BRING THE BOXES TO THE TRUCK
prompt.truck_reject,KUTXA HAU EZ DAGO ESKAERAN,ESTA CAJA NO ESTÁ EN EL PEDIDO,THIS BOX IS NOT IN THE ORDER
# --- Boxes ---
box.normal.name,NORMALA,NORMAL,NORMAL
box.hot.name,BEROA,CALOR,HOT
box.electric.name,ELEKTRIKOA,ELÉCTRICA,ELECTRIC
box.frozen.name,IZOZTUA,HIELO,FROZEN
box.toxic.name,TOXIKOA,TÓXICA,TOXIC
box.normal.desc,Ez du eraginik.,Sin efectos.,No effect.
box.hot.desc,"Eramaten duena erretzen du, geroz eta gehiago. Azkar entregatu edo pasatu.","Quema a quien la lleva, cada vez más. Entrégala rápido o pásala.","Burns its carrier, more and more. Deliver it fast or pass it on."
box.electric.desc,Kaltegabea... urarekin ukitu arte.,Inofensiva... hasta que toca el agua.,Harmless... until it touches water.
box.frozen.desc,Lurra patinaje-pista bihurtzen da.,El suelo se convierte en una pista de patinaje.,The ground turns into an ice rink.
box.toxic.desc,"Zenbat eta denbora gehiago eraman, orduan eta lausoago ikusten duzu.",Cuanto más tiempo la llevas menos ves.,The longer you carry it the less you see.
# --- Effect banners ---
effect.heat,BEROA!,¡CALOR!,HOT!
effect.electric,ELEKTRIKOA: SAIHESTU URA,ELÉCTRICA: ¡EVITA EL AGUA!,ELECTRIC: AVOID WATER!
effect.frozen,IZOZTUA: LERRATZEN ZARA,HIELO: ¡RESBALAS!,FROZEN: YOU SLIP!
effect.toxic,TOXIKOA: IKUSMENA GALTZEN,TÓXICA: PIERDES VISIÓN,TOXIC: VISION FADING
# --- Death causes ---
death.heat,Kutxa beroegia eramanda errea zen.,Se achicharró por llevar una caja demasiado caliente.,Got roasted carrying a box that was way too hot.
death.electric_water,Kutxa elektrikoak ura ukitu zuen.,La caja eléctrica entró en contacto con el agua.,The electric box touched the water.
death.fall,Altuegitik erori zen.,Se cayó desde demasiado alto.,Fell from way too high.
death.void,Hutsera erori zen.,Cayó al vacío.,Fell into the void.
death.burn,Sutan erre zen.,Se quemó en la hoguera.,Burned in the campfire.
death.sweeper,Enbor biraka batek jota hil zen.,Lo derribó el tronco giratorio.,Knocked out by the spinning log.
# --- Toasts ---
toast.delivered,{0} entregatuta,{0} entregada,{0} delivered
toast.passed,{0} pasatuta,{0} pasada,{0} passed
toast.teammate_died,Lagunak hil da: {0},El compañero ha muerto: {0},Your teammate died: {0}
# --- Truck puzzle ---
ui.manual,ESKULIBURUA,MANUAL,MANUAL
ui.manual_title,KONBINAZIOEN ESKULIBURUA,MANUAL DE COMBINACIONES,COMBINATION MANUAL
ui.close,ITXI,CERRAR,CLOSE
prompt.read_note,IRAKURRI OHARRA,LEER NOTA,READ NOTE
puzzle.title_arrange,ANTOLATU GARGA,ORDENA LA CARGA,ARRANGE THE CARGO
puzzle.title_travel,BIDEAN... EGON ADI!,EN RUTA... ¡NO TE DESPISTES!,ON THE ROAD... STAY SHARP!
puzzle.hint_swap,Egin klik bi kutxatan trukatzeko.,Haz clic en dos cajas para intercambiarlas.,Click two boxes to swap them.
puzzle.hint_second,Orain aukeratu zeinekin trukatu.,Ahora elige con cuál cambiarla.,Now pick the one to swap with.
puzzle.reaction_alert,ERREAKZIOA! Banandu kutxa horiek!,¡REACCIÓN! ¡Separa esas cajas!,REACTION! Pull those boxes apart!
puzzle.start,GIDATU,CONDUCIR,DRIVE
manual.unknown,??? Oraindik aurkitu gabe,??? Aún sin descubrir,??? Not discovered yet
outcome.unknown,EZEZAGUNA,DESCONOCIDO,UNKNOWN
outcome.safe,SEGURUA,SEGURO,SAFE
outcome.danger,ARRISKUA,PELIGRO,DANGER
outcome.explosion,EZTANDA,EXPLOSIÓN,EXPLOSION
outcome.game_over,GAME OVER,GAME OVER,GAME OVER
# --- Combination hints (notes and manual) ---
hint.hot_electric,"Beroa eta elektrizitatea elkarrekin... ideia txarra. Oso txarra. BUM!","Calor y electricidad juntos... mala idea. Muy mala. ¡BUM!","Heat and electricity together... bad idea. Very bad. BOOM!"
hint.hot_frozen,Izotzak beroa neutralizatzen duela dirudi.,El hielo parece neutralizar el calor.,Ice seems to cancel out heat.
hint.hot_normal,Kartoiak beroa ondo jasaten du.,El cartón normal aguanta bien el calor.,Plain cardboard handles heat just fine.
hint.toxic_electric,"Toxikoa eta elektrikoa... inork ez du hori bizirik ateratzen.","Lo tóxico y lo eléctrico... nadie sobrevive a eso.","Toxic and electric... nobody survives that."
hint.frozen_electric,Izotza eta elektrizitatea harrigarri ondo konpontzen dira.,El hielo y la electricidad se llevan sorprendentemente bien.,Ice and electricity get along surprisingly well.
hint.hot_toxic,"Beroa eta toxikoa: zama gehiegi berotzen da, istripu arina.","Calor y tóxico juntos recalientan la carga: accidente leve.","Heat and toxic together overheat the cargo: minor accident."
hint.hot_hot,Bi kutxa bero elkarren ondoan gehiegi berotzen dira.,Dos cajas calientes juntas se recalientan.,Two hot boxes side by side overheat.
hint.normal_electric,Kartoiak elektrizitatea isolatzen du.,El cartón aísla de la electricidad.,Cardboard insulates against electricity.
hint.normal_frozen,Kartoia eta izotza: aspergarria baina segurua.,Cartón y hielo: aburrido pero seguro.,Cardboard and ice: boring but safe.
hint.normal_toxic,Kartoiak lurrun toxikoak mugatzen ditu.,El cartón contiene los vapores tóxicos.,Cardboard contains toxic fumes.
hint.frozen_toxic,Hotzak lurrun toxikoak moteltzen ditu.,El frío ralentiza los vapores tóxicos.,Cold slows toxic fumes down.
# --- Results and game over ---
result.title.safe,ENTREGA BIKAINA,ENTREGA COMPLETADA,DELIVERY COMPLETE
result.title.danger,ISTRIPUEKIN ENTREGATUTA,ENTREGA CON ACCIDENTES,DELIVERY WITH ACCIDENTS
result.title.explosion,EZTANDA!,¡EXPLOSIÓN!,EXPLOSION!
result.boxes,Entregatutako kutxak: {0}/{1},Cajas entregadas: {0}/{1},Boxes delivered: {0}/{1}
result.time,Denbora: {0},Tiempo: {0},Time: {0}
result.destroyed,Eskaera suntsitu da,Pedido destruido,Order destroyed
result.accidents,Istripuak: {0},Accidentes: {0},Accidents: {0}
result.wallet,Zure diruzaintza: {0},Tu monedero: {0},Your wallet: {0}
result.reward_label,SARIA,RECOMPENSA,REWARD
death.explosion,{0} + {1} eztanda eragin zuen.,{0} + {1} produjo una explosión.,{0} + {1} caused an explosion.
death.deadly_mix,{0} + {1} nahaste hilgarria sortu zuen.,{0} + {1} liberó una mezcla mortal.,{0} + {1} released a deadly mix.
quip.1,Hori ez zegoen planean.,Eso no estaba en el plan.,That was not the plan.
quip.2,Aseguruak ez du hau estaltzen.,El seguro no cubre esto.,Insurance does not cover this.
quip.3,Gutxienez kutxak ez dira apurtu... edo bai.,Al menos las cajas no se han roto... o sí.,At least the boxes did not break... or did they.
quip.4,Erreakzio nahiko lehergarria!,¡Menuda reacción más explosiva!,What an explosive reaction!
spectate.watching,"{0} ZAINTZEN - {1}: HURRENGOA","VIENDO A {0} - {1}: SIGUIENTE","WATCHING {0} - {1}: NEXT PLAYER"
prompt.take_all,GUZTIAK HARTU,QUITAR TODAS,TAKE ALL
ui.reset_progress,PROGRESOA BERRIRO,REINICIAR PROGRESO,RESET PROGRESS
ui.reset_progress_confirm,ZIUR? SAKATU BERRIRO,¿SEGURO? PULSA OTRA VEZ,SURE? PRESS AGAIN
ui.reset_progress_done,PROGRESOA BERRIRO DA!,¡PROGRESO REINICIADO!,PROGRESS RESET!
ui.you,ZU,TÚ,YOU
sweeper.title,JAUZI SEGIDAK,SALTOS SEGUIDOS,JUMPS IN A ROW
sweeper.now,Orain: {0},Ahora: {0},Now: {0}
snowman.oops,Ai ene! Elur-gizona erori da!,¡Ay! ¡Se cayó el muñeco de nieve!,Oops! The snowman fell apart!
duck.squeak,Kua kua!,¡Cuac cuac!,Quack quack!
raft.hint,Baltsa: ibaia gurutzatzeko modu segurua,Balsa: una forma segura de cruzar el río,Raft: a safe way across the river
prompt.squeeze,ARDIA ESTU,APRETAR EL PATITO,SQUEEZE THE DUCK
ui.mode,MODUA,MODO,MODE
mode.minutes,{0} min,{0} min,{0} min
mode.no_limit,Mugarik gabe,Sin límite,No limit
mode.classic.name,ERREPARTO KLASIKOA,REPARTO CLÁSICO,CLASSIC DELIVERY
mode.classic.desc,Mapako eskaera betiko moduan. Presarik ez.,El pedido de siempre. Sin prisas.,The usual order. No rush.
mode.express.name,ENTREGA EXPRESA,ENTREGA EXPRÉS,EXPRESS DELIVERY
mode.express.desc,3 kutxa 3 minututan. Ausazko lekuetan ezkutatuta.,3 cajas en 3 minutos. Escondidas en sitios al azar.,3 boxes in 3 minutes. Hidden in random places.
mode.giant.name,ESKAERA ERRALDOIA,PEDIDO GIGANTE,GIANT ORDER
mode.giant.desc,9 kutxa 10 minututan. Ordena ondo!,9 cajas en 10 minutos. ¡Ordénalas bien!,9 boxes in 10 minutes. Sort them well!
mode.surprise.name,SORPRESA,SORPRESA,SURPRISE
mode.surprise.desc,Eskaera eta kutxen lekuak ausaz aldatzen dira.,El pedido y los sitios de las cajas cambian cada vez.,The order and the box spots change every time.
mode.night.name,GAUEKO ENTREGA,ENTREGA NOCTURNA,NIGHT DELIVERY
mode.night.desc,Eskaera klasikoa gauez. Jarraitu argiak!,"El pedido clásico, de noche. ¡Sigue las luces!",The classic order at night. Follow the lights!
mode.challenge.name,ERRETO ZAILA,DESAFÍO,CHALLENGE
mode.challenge.desc,"Kutxa zailak: jauziak, tunelak eta enbor biraka.","Cajas difíciles: saltos, túneles y un tronco giratorio.","Hard boxes: jumps, tunnels and a spinning log."
death.timeout,Denbora amaitu da! Entrega berandu iritsi da.,¡Se acabó el tiempo! La entrega llegó tarde.,Time is up! The delivery arrived too late.
result.mode,Modua: {0},Modo: {0},Mode: {0}
result.time_bonus,Denbora-saria: +{0},Bonus de tiempo: +{0},Time bonus: +{0}
ui.player,JOKALARIA,JUGADOR,PLAYER
ui.multiplayer,ONLINE JOKOA,MULTIJUGADOR,MULTIPLAYER
lobby.name,Zure izena,Tu nombre,Your name
lobby.name_hint,Idatzi zure izena,Escribe tu nombre,Type your name
lobby.create,SALA SORTU,CREAR SALA,CREATE ROOM
lobby.join,SALA SARTU,UNIRSE A UNA SALA,JOIN A ROOM
lobby.code,Sala kodea,Código de sala,Room code
lobby.code_hint,Kodea edo IP,Código o IP,Code or IP
lobby.hint_demo,"Idatzi lagun baten kodea edo IP helbidea sartzeko. Sarerik gabe probatzeko: AMETSA.","Escribe el código o la IP de un amigo para entrar. Para probar sin red: AMETSA.","Type a friend's code or IP address to join. To try it offline: AMETSA."
lobby.err.bad,Idatzi 6 karaktereko kodea edo IP helbide bat.,Escribe un código de 6 caracteres o una dirección IP.,Type a 6-character code or an IP address.
lobby.err.notfound,Ez da sala hori aurkitu.,No se encontró esa sala.,That room was not found.
lobby.err.full,Sala beteta dago.,La sala está llena.,The room is full.
lobby.err.started,Partida hasita dago jada.,La partida ya ha empezado.,The game has already started.
lobby.closed,Anfitrioiak sala itxi du.,El anfitrión cerró la sala.,The host closed the room.
lobby.host,ANFITRIOIA,ANFITRIÓN,HOST
lobby.ready,PRESTA,LISTO,READY
lobby.not_ready,ITXARONEN,ESPERANDO,WAITING
lobby.waiting_slot,Hutsik,Libre,Free
lobby.ready_action,PRESTA NAGO,ESTOY LISTO,I AM READY
lobby.not_ready_action,EZ NAGO PRESTA,NO ESTOY LISTO,NOT READY
lobby.start,HASI PARTIDA,EMPEZAR PARTIDA,START GAME
lobby.leave,IRTEN,SALIR,LEAVE
lobby.need_ready,Jokalari guztiak prest egon behar dira.,Todos los jugadores tienen que estar listos.,Everyone has to be ready.
lobby.waiting_host,Anfitrioiak hasiko du partida.,El anfitrión empezará la partida.,The host will start the game.
# --- Achievements ---
ui.achievements,LORPENAK,LOGROS,ACHIEVEMENTS
ui.achievements_title,LORPENAK,LOGROS,ACHIEVEMENTS
ach.summary,{0} / {1} lortuta,{0} / {1} conseguidos,{0} / {1} unlocked
ach.unlocked,Lorpena lortuta: {0}!,¡Logro conseguido: {0}!,Achievement unlocked: {0}!
ach.log.name,Enbor jauzilaria,Saltador de troncos,Log hopper
ach.log.desc,Jauzi egin biraka dabilen enborraren gainetik 67 aldiz.,Salta el tronco giratorio 67 veces.,Jump over the spinning log 67 times.
ach.ducks.name,Ahate maitalea,Amigo de los patos,Duck whisperer
ach.ducks.desc,Laztandu ibaiko ahate guztiak.,Acaricia todos los patos.,Pet every rubber duck in the river.
ach.combos.name,Zientzialari erotua,Científico loco,Mad scientist
ach.combos.desc,Probatu konbinazio guztiak.,Prueba todas las combinaciones.,Try every combination.
ach.snowman.name,Elur-gizonaren etsaia,Enemigo del muñeco,Snowman wrecker
ach.snowman.desc,Bota elur-gizona.,Derriba el muñeco de nieve.,Knock down the snowman.
ach.mushrooms.name,Perretxiko errebotea,Rebote de setas,Mushroom bouncer
ach.mushrooms.desc,Egin salto perretxiko batean 30 aldiz.,Rebota 30 veces en las setas saltarinas.,Bounce on the mushrooms 30 times.
ach.first_box.name,Lehen entrega,Primera entrega,First delivery
ach.first_box.desc,Entregatu kutxa bat kamioian.,Entrega una caja en el camión.,Deliver a box to the truck.
ach.deliveries.name,Banatzaile aditua,Repartidor experto,Seasoned courier
ach.deliveries.desc,Entregatu 50 kutxa guztira.,Entrega 50 cajas en total.,Deliver 50 boxes in total.
ach.hugs.name,Besarkada-zalea,Abrazos gratis,Free hugs
ach.hugs.desc,Besarkatu zure lagunak 10 aldiz.,Abraza a tus compañeros 10 veces.,Hug your teammates 10 times.
ach.shoves.name,Bultzada adiskidetsua,Empujón amistoso,Friendly shove
ach.shoves.desc,Bultzatu beste jokalari bat 5 aldiz.,Empuja a otro jugador 5 veces.,Shove another player 5 times.
ach.splashes.name,Txapuzoia,Chapuzón,Big splash
ach.splashes.desc,Egin zipriztin bat uretan 15 aldiz.,Salpica en el agua 15 veces.,Splash into the water 15 times.
ach.victory.name,Lan ona,Trabajo bien hecho,Job well done
ach.victory.desc,Irabazi partida bat.,Gana una partida.,Win a game.
ach.all_modes.name,Moduen maisua,Maestro de modos,Mode master
ach.all_modes.desc,Irabazi partida bana joko modu guztietan.,Gana una partida en cada modo de juego.,Win a game in every game mode.
ach.deaths.name,Hil modu guztiak,Mil maneras de morir,A thousand ways to go
ach.deaths.desc,Hil zaitez 6 modu desberdinetan.,Muere de 6 formas distintas.,Die in 6 different ways.
ach.boom.name,BUM!,¡BUM!,KABOOM!
ach.boom.desc,Egin ezazu kamioia lehertu.,Haz explotar el camión.,Blow up the truck.
ach.rich.name,Aberatsa,Hucha llena,Piggy bank
ach.rich.desc,Bildu 1000 txanpon.,Reúne 1000 monedas.,Collect 1000 coins.
ach.veteran.name,Besteranoa,Veterano,Veteran
ach.veteran.desc,Amaitu 10 entrega.,Completa 10 entregas.,Finish 10 deliveries.
ach.cave.name,Espeleologoa,Espeleólogo,Spelunker
ach.cave.desc,Hartu tuneleko kutxa.,Recoge la caja del túnel.,Grab the box inside the tunnel.
# --- Tips near hard boxes ---
hintbox.tunnel,Aholku: makurtuta toki gehiagotara iristen zara (C).,Pista: agachándote (C) llegas a más sitios.,Tip: crouch (C) to reach more places.
hintbox.tower,Aholku: hartu lasterra eta jauzi egin ertzean.,Pista: coge carrerilla y salta justo en el borde.,Tip: take a run-up and jump right at the edge.
hintbox.cliff,Aholku: perretxikoek goiko hegaletara jaurtitzen zaituzte.,Pista: las setas te lanzan hasta las repisas de arriba.,Tip: the mushrooms launch you up to the ledges.
hintbox.sweeper,Aholku: jauzi egin enborra zure azpitik pasatzean.,Pista: salta justo cuando el tronco pase bajo tus pies.,Tip: jump just as the log sweeps under your feet.
hintbox.ice,Aholku: izotzak irristatzen du; hartu abiada eta ez gelditu.,Pista: el hielo resbala; coge velocidad y no frenes.,Tip: ice is slippery; build up speed and do not stop.
# --- Online ---
lobby.connection_relay,Konexioa: kodea (internet),Conexión: código (internet),Connection: code (internet)
lobby.connection_direct,Konexioa: IP zuzena,Conexión: IP directa,Connection: direct IP
lobby.connecting,Konektatzen...,Conectando...,Connecting...
lobby.address,IP helbidea,Dirección IP,IP address
lobby.not_connected,Konexiorik gabe,Sin conexión,Not connected
lobby.hint_direct,"Sare lokalean: eman IP hau lagunei. Internetetik: ireki UDP 7777 portua.","En red local: da esta IP a tus amigos. Por internet: abre el puerto UDP 7777.","On a local network: give this IP to your friends. Over the internet: open UDP port 7777."
lobby.err.relay,"Kode bidezko salak Unity Relay behar du (ikus README). Erabili IP zuzena.","Las salas con código necesitan Unity Relay (mira el README). Usa la IP directa.","Code rooms need Unity Relay (see the README). Use the direct IP."
lobby.err.relay_failed,Ezin izan da Relay bidezko sala sortu.,No se pudo crear la sala con Relay.,Could not create the room through Relay.
lobby.err.connect,Ezin izan da konektatu.,No se pudo conectar.,Could not connect.
lobby.err.host,Ezin izan da sala sortu.,No se pudo crear la sala.,Could not create the room.
lobby.err.avatar,Falta sareko pertsonaia (exekutatu MixedUp > Build Prototype Scene).,Falta el avatar de red (ejecuta MixedUp > Build Prototype Scene).,The network avatar is missing (run MixedUp > Build Prototype Scene).
lobby.tab_hint,TAB edo ESC: sagua erabili / mugitu,TAB o ESC: usar el ratón / moverse,TAB or ESC: use the mouse / move
lobby.map,MAPA,MAPA,MAP
toast.only_host,Anfitrioiak bakarrik berrabiaraz dezake.,Solo el anfitrión puede reiniciar.,Only the host can restart.
map.meadow.name,BELARDI ERREPARTUA,PRADERA DEL REPARTO,DELIVERY MEADOW
map.meadow.desc,"Jatorrizko mapa: ibaia, kobazuloa eta muino izoztua.","El mapa original: río, cueva y colina helada.","The original map: river, cave and icy hill."
lobby.mouse_mode,SAGU MODUA (TAB edo ESC mugitzeko),MODO RATÓN (TAB o ESC para moverte),MOUSE MODE (TAB or ESC to walk)
hintbox.crates,Aholku: pilatu kaxak eta salto egin bakoitzera.,Pista: sube las cajas de una en una saltando.,Tip: climb the crates one by one by jumping.
hintbox.raft,Aholku: baltsak uhartera eramango zaitu; itxaron bere txanda.,Pista: la balsa te lleva a la isla; espera a que llegue.,Tip: the raft takes you to the island; wait for it to arrive.
map.summit.name,IZOTZ GAINA,CUMBRE HELADA,FROZEN SUMMIT
map.summit.desc,"Mendi elurtua: izotz laku erraldoia, pinuak eta irristakorra dena. Maila altuagoa.","Un paso de montaña nevado con un lago helado enorme, pinos y todo resbaladizo. Nivel superior.","A snowy mountain pass with a huge frozen lake, pines and slippery everything. A higher level."
map.harbour.name,ARRATSALDEKO PORTUA,PUERTO AL ANOCHECER,DUSK HARBOUR
map.harbour.desc,"Kai bat, badia sakon bat eta zurezko pasarelak. Ura eta elektrizitatea hurbil: gau eta erronka moduetarako.","Un muelle, una bahía poco profunda y pasarelas de madera. Agua y electricidad muy cerca: ideal para el modo nocturno y el desafío.","A quay, a shallow bay and wooden piers. Water and electricity close together: made for the night and challenge modes."
toast.out_of_sync,Mapa ez dator bat anfitrioiarenarekin. Berrabiarazi partida.,El mapa no coincide con el del anfitrión. Reinicia la partida.,The map does not match the host's. Restart the match.
prompt.hug,besarkatu,abrazar,hug
prompt.hug_heal,besarkatu (sendatzeko),abrazar (curarse),hug (heal)
hint.hug,"{0}: besarkatu lagun bat sendatzeko.","{0}: abraza a un compañero para curarte.","{0}: hug a teammate to heal."
death.push,Bultzada batek azken tantan utzi zuen.,Un empujón fue la gota que colmó el vaso.,One shove too many.
input.right_click,Eskuineko klika,Click derecho,Right click
input.left_click,Ezkerreko klika,Click izquierdo,Left click
toast.restart_asked,Anfitrioiari berrabiaraztea eskatu zaio...,Pidiendo al anfitrión que reinicie...,Asking the host to restart...
prompt.secret,Aztertu,Investigar,Look closer
prompt.fish,Arrantzatu,Pescar,Go fishing
prompt.wave,Agurtu,Saludar,Say hi
prompt.knock,Deitu atea,Llamar a la puerta,Knock on the door
ach.secrets.name,Sekretuen ehiztaria,Cazador de secretos,Secret hunter
ach.secrets.desc,Aurkitu 6 sekretu mapetan.,Encuentra 6 secretos en los mapas.,Find 6 secrets on the maps.
notice.summit.camp,"OINARRIZKO KANPALEKUA
Hemen dena berotzen da... kutxak izan ezik.","CAMPAMENTO BASE
Aquí se calienta todo... menos las cajas.","BASE CAMP
Everything gets warm here... except the boxes."
notice.summit.lake,"LAGUNA ELURTUA
xaboia baino irristakorragoa. Makurtu eta otoitz egin.","LAGUNA HELADA
Resbala más que el jabón. Agáchate y reza.","FROZEN LAKE
Slipperier than soap. Duck and pray."
notice.summit.pylon,"TRANSFORMADOREA
Ez ukitu. Serio.","TRANSFORMADOR
No tocar. En serio.","TRANSFORMER
Do not touch. Seriously."
notice.summit.outcrop,"HONDAKINAK
Berdea ez da pintura.","RESIDUOS
Lo verde no es pintura.","WASTE
The green stuff is not paint."
notice.summit.glacier,"GLAZIARRAREN ARRAMPA
Hartu abiada eta fedea.","RAMPA DEL GLACIAR
Coge carrerilla y ten fe.","GLACIER RAMP
Take a run-up and have faith."
notice.summit.cabin,"GAILURREKO ERREFUXIOA
24 ordu zabalik. Txokolate beroa: agortuta.","REFUGIO DE LA CUMBRE
Abierto 24 h. Chocolate caliente: agotado.","SUMMIT HUT
Open 24 h. Hot chocolate: sold out."
notice.summit.tower,"BEGIRALEKUA
7 metro ikuspegi eta erorketa.","ATALAYA
7 metros de vistas y de caída.","LOOKOUT
7 metres of view and of fall."
notice.summit.mine,"MEATZE ZAHARRA
sabai baxua: makurtuta pasa.","MINA VIEJA
Techo bajo: pasa agachado.","OLD MINE
Low ceiling: crawl through."
notice.summit.lakeshore,"EDO ARRANTZA
Arrainak eskatu du: utzi bakean.","PESCA EN HIELO
Los peces han pedido que los dejen en paz.","ICE FISHING
The fish have asked to be left alone."
sign.lake,LAGUNA,LAGUNA,LAKE
sign.glacier,GLAZIARRA,GLACIAR,GLACIER
sign.camp,KANPALEKUA,CAMPAMENTO,CAMP
sign.tower,BEGIRALEKUA,ATALAYA,LOOKOUT
sign.cabin,ERREFUXIOA,REFUGIO,HUT
sign.mine,MEATZEA,MINA,MINE
secret.yeti,Yetiak agurtu zaitu eta galtzerdi bat lapurtu dizu.,El yeti te saluda y te roba un calcetín.,The yeti waves and steals one of your socks.
secret.fish,Bota zahar bat arrantzatu duzu. Eta galtzerdi bat. Yetiarena?,Pescas una bota vieja. Y un calcetín. ¿Del yeti?,You fish up an old boot. And a sock. The yeti's?
secret.cabin,Deitu duzu. Barnetik xuxurla bat: «Ez dago inor».,Llamas a la puerta. Dentro susurran: «No hay nadie».,"You knock. A whisper from inside: ""Nobody home."""
secret.tent,"Dendan: lo-zaku bat, linterna bat eta galleta-kutxa huts asko.","Dentro de la tienda: un saco, una linterna y muchas cajas de galletas vacías.","Inside the tent: a sleeping bag, a torch and lots of empty cookie boxes."
secret.sled,Lera batean eseri zara. Oraindik goiz da jaisteko.,Te sientas en el trineo. Todavía es pronto para bajar.,You sit on the sled. Too early to ride down.
notice.harbour.welcome,"ARRATSALDEKO PORTUA
Ilbeltzen da. Debekatuta txistu egitea: krakena esnatzen da.","PUERTO AL ANOCHECER
Prohibido silbar: despierta al kraken.","DUSK HARBOUR
No whistling: it wakes the kraken."
notice.harbour.warehouse,"GORDETEGIA 7
Langileak bakarrik (eta kutxa susmagarriak).","ALMACÉN 7
Solo personal autorizado (y cajas sospechosas).","WAREHOUSE 7
Staff only (and suspicious boxes)."
notice.harbour.pier,"MUELLE NAGUSIA
Ura azala bakarrik bustitzen du. Elektrizitatea, ez hain gutxi.","MUELLE PRINCIPAL
El agua solo moja. La electricidad, no tanto.","MAIN PIER
Water only gets you wet. Electricity, not so much."
notice.harbour.east,"ERDIALDEKO MUELLEA
Balsa nahi duenean abiatzen da.","MUELLE ESTE
La balsa sale cuando le apetece.","EAST PIER
The raft leaves whenever it feels like it."
notice.harbour.generator,"GENERADOREA
Urak eta honek ez dute elkar maite.","GENERADOR
El agua y esto no se llevan bien.","GENERATOR
Water and this do not get along."
notice.harbour.brazier,"ERREKARIA
Bero! Kutxa beroek badakite.","BRASERO
¡Caliente! Las cajas calientes lo saben.","BRAZIER
Hot! Hot boxes know it well."
notice.harbour.market,"LONJA
Arrain fresko (atzokoa).","LONJA
Pescado fresco (de ayer).","FISH MARKET
Fresh fish (from yesterday)."
notice.harbour.master,"PORTUKO KAPITAINTZA
Oporretan itxita.","CAPITANÍA
Cerrado por vacaciones.","HARBOUR MASTER
Closed for the holidays."
notice.harbour.lighthouse,"FAROA
Argia biraka dabil. Eskailera ere bai.","FARO VIEJO
La luz gira. La escalera, también.","OLD LIGHTHOUSE
The light turns. So does the staircase."
notice.harbour.crane,"3. GRUA
Gehieneko karga: kutxa txar bat.","GRÚA 3
Carga máxima: una caja mala.","CRANE 3
Maximum load: one bad box."
notice.harbour.barge,"BARKAZA
Inorena ez. Kontuz kutxa toxikoarekin.","BARCAZA
De nadie. Cuidado con la caja tóxica.","BARGE
Belongs to nobody. Mind the toxic box."
sign.lighthouse,FAROA,FARO,LIGHTHOUSE
sign.warehouse,GORDETEGIA,ALMACÉN,WAREHOUSE
sign.barge,BARKAZA,BARCAZA,BARGE
sign.island,UHARTEA,ISLA,ISLAND
sign.market,LONJA,LONJA,MARKET
sign.master,KAPITAINTZA,CAPITANÍA,HARBOUR MASTER
secret.kraken,Uraren azpitik zerbaitek agurtu zaitu. Hobe ez galdetu.,Algo bajo el agua te devuelve el saludo. Mejor no preguntar.,Something under the water waves back. Better not ask.
secret.bottle,Botilaren barruan ohar bat: «Kutxa elektrikoa eta ura ez dira lagun. Probatu nuenak.»,Dentro de la botella hay una nota: «La caja eléctrica y el agua no son amigas. Firmado: el que lo probó».,"A note in the bottle: ""Electric boxes and water are not friends. Signed: the one who tried."""
secret.gull,Kaio batek begira dizu. Badaki non dagoen zure bazkaria.,Una gaviota te mira. Sabe dónde está tu almuerzo.,A seagull stares at you. It knows where your lunch is.
secret.crane,Palanka tiratu duzu: gruak intziri egin du. Hobe ez.,Tiras de la palanca: la grúa gime. Mejor no.,You pull the lever: the crane groans. Better not.
secret.market,"«Arrain freskoa», dio kartelak. Arrainak ez dago ados.","«Pescado fresco», dice el cartel. El pescado opina distinto.","""Fresh fish"", says the sign. The fish disagrees."
notice.summit.start,"ONGI ETORRI GAILURRERA
Bidea hemen amaitzen da. Eskaera, ez.","BIENVENIDO A LA CUMBRE
La carretera acaba aquí. El pedido, no.","WELCOME TO THE SUMMIT
The road ends here. The order does not."
